"site_no","RB","years","start_date","end_date","perc_missing","agency_cd","station_nm","site_tp_cd","lat_va","long_va","dec_lat_va","dec_long_va","coord_meth_cd","coord_acy_cd","coord_datum_cd","dec_coord_datum_cd","district_cd","state_cd","county_cd","country_cd","land_net_ds","map_nm","map_scale_fc","alt_va","alt_meth_cd","alt_acy_va","alt_datum_cd","huc_cd","basin_cd","topo_cd","instruments_cd","construction_dt","inventory_dt","drain_area_va","contrib_drain_area_va","tz_cd","local_time_fg","reliability_cd","gw_file_cd","nat_aqfr_cd","aqfr_cd","aqfr_type_cd","well_depth_va","hole_depth_va","depth_src_cd","project_no","class"
"04010500",0.113630594786053,10.0054794520548,2010-01-01,2019-12-31,0,"USGS","PIGEON RIVER AT MIDDLE FALLS NR GRAND PORTAGE MN","ST",480044,893658,48.01210765,-89.6161984,"M","S","NAD27","NAD83","27","27","031","US","SWNE  S24 T64N  R6E",NA,NA,787.58,"L",0.01,"NGVD29","04010101",NA,NA,"NNNNYNNNNNNNNNNNNNNNNNNNNNNNNN",NA,NA,609,NA,"CST","Y",NA,"NNNNNNNN",NA,NA,NA,NA,NA,NA,"MN-00106","Low"
"04015330",0.444420944133012,10.0054794520548,2010-01-01,2019-12-31,0,"USGS","KNIFE RIVER NEAR TWO HARBORS, MN","ST",465649,914732,46.94688005,-91.7924013,"M","S","NAD27","NAD83","27","27","075","US","SWNW  S31 T52N  R11W",NA,NA,NA,NA,NA,NA,"04010102",NA,NA,"NNNNYNNNNNNNNNNNNNNNNNNNNNNNNN",NA,NA,83.6,NA,"CST","Y",NA,"NNNNNNNN",NA,NA,NA,NA,NA,NA,"MN-00112","Med"
"04015438",0.0728294435484481,8.38356164383562,2011-08-16,2019-12-31,0,"USGS","ST. LOUIS RIVER NEAR SKIBO, MN","ST",472852,920224,47.4811111,-92.04,"M","S","NAD83","NAD83","27","27","137","US",NA,NA,NA,1500,"L",0.01,"NAVD88","04010201","02","C","NNNYNNNNNNNNNNNNNNNNNNNNNNNNNN",NA,20110817,101,NA,"CST","Y",NA,"NNNNNNNN",NA,NA,NA,NA,NA,NA,"MN-FGJ00","Low"
"04021520",0.101738088373691,10.0054794520548,2010-01-01,2019-12-31,0,"USGS","STONEY BROOK AT PINE DRIVE NEAR BROOKSTON, MN","ST",464654,923812,46.78166667,-92.6366667,"M","S","NAD83","NAD83","27","27","137","US","SWSW  S28 T50N  R18W","MARTIN LAKE QUAD","  24000",NA,NA,NA,NA,"04010201",NA,NA,"NNNNYNNNNNNNNNNNNNNNNNNNNNNNNN",NA,20050428,74,NA,"CST","Y",NA,NA,NA,NA,NA,NA,NA,NA,"MN-00101","Low"
"04024000",0.103474376986244,10.0054794520548,2010-01-01,2019-12-31,0,"USGS","ST. LOUIS RIVER AT SCANLON, MN","ST",464212,922507,46.7032765,-92.4188018,"M","S","NAD27","NAD83","27","27","017","US","SENW  S30 T49N  R16W",NA,NA,1101.23,"L",0.01,"NGVD29","04010201",NA,NA,"NNNNYNNNNNNNNNNNNNNNNNNNNNNNNN",NA,NA,3430,NA,"CST","Y",NA,"NNNNNNNN",NA,NA,NA,NA,NA,NA,"MN-00112","Low"
"05030500",0.0211019046048861,9.92876712328767,2010-01-01,2019-12-03,0,"USGS","OTTER TAIL RIVER NEAR ELIZABETH, MN","ST",462210,960102,46.3694039,-96.0175556,"M","S","NAD27","NAD83","27","27","111","US","SWSE  S31 T134N R42W",NA,NA,1250,"M",10,"NGVD29","09020103",NA,NA,"NYYNYNNNNNYNNNNNNNNNNNNNNNNNNN",NA,NA,1130,NA,"CST","Y",NA,"NNNNNNNN",NA,NA,NA,NA,NA,NA,"MN-00100","Low"
"05046000",0.028701155440356,10,2010-01-01,2019-12-31,0.000547645125958396,"USGS","OTTER TAIL RIVER BL ORWELL D NR FERGUS FALLS, MN","ST",461235,961105,46.20968199,-96.1850614,"M","S","NAD27","NAD83","27","27","111","US","  NENES34 T132N R44W",NA,NA,1029.65,"L",0.01,"COE1912","09020103",NA,NA,"NNNNYNNNNNNNNNNNNNNNNNNNNNNNNN",NA,NA,1740,NA,"CST","Y",NA,"NNNNNNNN",NA,NA,NA,NA,NA,NA,"MN-00112","Low"
"05046475",0.176837122704364,9.83561643835616,2010-01-01,2019-10-30,0,"USGS","OTTER TAIL RIVER DIVERSION AT BRECKENRIDGE, MN","ST",461657,963456,46.2824591,-96.5825733,"N","R","NAD27","NAD83","38","27","167","US","      S04 T132N R47W  5","WAHPETON, ND","  24000",940.03,"W",0.01,"NAVD88","09020104",NA,NA,"NNNNYNNNNNNNNNNNNNNNNNNNNNNNNN",NA,NA,NA,NA,"CST","Y",NA,"Y",NA,NA,NA,NA,NA,NA,"863800100","Low"
"05051300",0.0991862277669329,9.89041095890411,2010-01-01,2019-11-26,0.0019353055017971,"USGS","BOIS DE SIOUX RIVER NEAR DORAN, MN","ST",460908,963444,46.1521813,-96.5792389,"M","S","NAD27","NAD83","27","27","167","US","NENE  S21 T131N R47W",NA,NA,NA,NA,NA,NA,"09020101",NA,NA,"NNNNYNNNNNNNNNNNNNNNNNNNNNNNNN",NA,NA,1880,NA,"CST","Y",NA,"NNNNNNNN",NA,NA,NA,NA,NA,NA,"MN-00100","Low"
"05061000",0.0936893238058362,10.0054794520548,2010-01-01,2019-12-31,0,"USGS","BUFFALO RIVER NEAR HAWLEY, MN","ST",465100,961945,46.84995979,-96.3295093,"M","S","NAD27","NAD83","27","27","027","US","NWSE  S14 T139N R45W",NA,NA,1111.91,"L",0.01,"NGVD29","09020106",NA,NA,"NNNNYNNNNNNNNNNNNNNNNNNNNNNNNN",NA,NA,325,NA,"CST","Y",NA,"NNNNNNNN",NA,NA,NA,NA,NA,NA,"MN-00112","Low"
"05061500",0.200292538683162,10.0054794520548,2010-01-01,2019-12-31,0,"USGS","SOUTH BRANCH BUFFALO RIVER AT SABIN, MN","ST",464632,963740,46.7755175,-96.6281318,"M","S","NAD27","NAD83","27","27","027","US","SWSW  S9  T138N R47W",NA,NA,902.39,"L",0.01,"NGVD29","09020106",NA,NA,"NNNNYNNNNNNNNNNNNNNNNNNNNNNNNN",NA,NA,454,NA,"CST","Y",NA,"NNNNNNNN",NA,NA,NA,NA,NA,NA,"MN-00112","Med"
"05062000",0.115154699924733,10.0054794520548,2010-01-01,2019-12-31,0,"USGS","BUFFALO RIVER NEAR DILWORTH, MN","ST",465740,963940,46.9610736,-96.661465,"M","S","NAD27","NAD83","27","27","027","US","SWSE  S6  T140N R47W",NA,NA,879.48,"W",0.01,"NAVD88","09020106",NA,NA,"NNNNYNNNNNNNNNNNNNNNNNNNNNNNNN",NA,NA,975,NA,"CST","Y",NA,"YNNNNNNN",NA,NA,NA,NA,NA,NA,"MN-00112","Low"
"05062500",0.107146995525128,10.0054794520548,2010-01-01,2019-12-31,0,"USGS","WILD RICE RIVER AT TWIN VALLEY, MN","ST",471556,961451,47.26555556,-96.2475,"M","S","NAD83","NAD83","27","27","107","US","NWNE  S27 T144N R44W",NA,NA,1008.16,"L",0.01,"NGVD29","09020108",NA,"C","NNNNYNNNNNNNNNNNNNNNNNNNNNNNNN",NA,NA,934,NA,"CST","Y",NA,"NNNNNNNN",NA,NA,NA,NA,NA,NA,"MN-00112","Low"
"05063398",0.296298400960624,10.0054794520548,2010-01-01,2019-12-31,0,"USGS","S. BR. WILD RICE RIVER AT CO. RD. 27 NR FELTON, MN","ST",470648,962309,47.1133333,-96.3858333,"N","S","NAD83","NAD83","27","27","027","US","SENESES16 T145N R45W","ULEN SW","  24000",NA,NA,NA,NA,"09020108",NA,NA,"NNNNYNNNNNNNNNNNNNNNNNNNNNNNNN",NA,20040726,190,NA,"CST","Y",NA,NA,NA,NA,NA,NA,NA,NA,"MN-00101","Med"
"05064000",0.107046616555539,9.97260273972603,2010-01-01,2019-12-19,0,"USGS","WILD RICE RIVER AT HENDRUM, MN","ST",471605,964750,47.26802728,-96.7975783,"M","S","NAD27","NAD83","27","27","107","US","SESE  S19 T144N R48W",NA,NA,837.99,"W",0.01,"NAVD88","09020108",NA,NA,"NNNNYNNNNNNNNNNNNNNNNNNNNNNNNN",NA,NA,1560,NA,"CST","Y",NA,"YNNNNNNN",NA,NA,NA,NA,NA,NA,"MN-00112","Low"
"05069000",0.182783384133359,9.95616438356164,2010-01-01,2019-12-13,0,"USGS","SAND HILL RIVER AT CLIMAX, MN","ST",473643,964852,47.61191807,-96.8147998,"M","S","NAD27","NAD83","27","27","119","US","NENE  S30 T148N R48W",NA,NA,820.97,"W",0.01,"NAVD88","09020301",NA,NA,"NNNNYNNNNNNNNNNNNNNNNNNNNNNNNN",NA,NA,460,NA,"CST","Y",NA,"YNNNNNNN",NA,NA,NA,NA,NA,NA,"MN-00112","Low"
"05074500",0.0236605850341642,6.25753424657534,2013-09-30,2019-12-31,0,"USGS","RED LAKE RIVER NEAR RED LAKE, MN","ST",475727,951635,47.9574572,-95.2766714,"M","U","NAD27","NAD83","27","27","029","US","SWNW  S28 T152N R36W",NA,NA,1100.25,"W",0.01,"NAVD88","09020302",NA,NA,"NNNNYNNNNNNNNNNNNNNNNNNNNNNNNN",NA,NA,1950,NA,"CST","Y",NA,"YNNNNNNN",NA,NA,NA,NA,NA,NA,"MN-00112","Low"
"05076000",0.138239451317752,10.0054794520548,2010-01-01,2019-12-31,0,"USGS","THIEF RIVER NEAR THIEF RIVER FALLS, MN","ST",481108,961011,48.1855249,-96.1700335,"M","S","NAD27","NAD83","27","27","089","US","NWSW  S3  T154N R43W",NA,NA,1112.33,"L",0.01,"NGVD29","09020304",NA,NA,"NNNNYNNNNNNNNNNNNNNNNNNNNNNNNN",NA,NA,985,NA,"CST","Y",NA,"NNNNNNNN",NA,NA,NA,NA,NA,NA,"MN-00112","Low"
"05078000",0.134508072060828,10.0054794520548,2010-01-01,2019-12-31,0,"USGS","CLEARWATER RIVER AT PLUMMER, MN","ST",475524,960246,47.9232974,-96.0464226,"M","S","NAD27","NAD83","27","27","125","US","SESW  S4  T151N R42W",NA,NA,1098.57,"L",0.01,"NGVD29","09020305",NA,NA,"NNNNYNNNNNNNNNNNNNNNNNNNNNNNNN",NA,NA,555,NA,"CST","Y",NA,"NNNNNNNN",NA,NA,NA,NA,NA,NA,"MN-00112","Low"
"05078230",0.228893161019149,10.0054794520548,2010-01-01,2019-12-31,0,"USGS","LOST RIVER AT OKLEE, MN","ST",475035,955130,47.84301627,-95.8586369,"M","S","NAD27","NAD83","27","27","125","US","SENE  S2  T150N R41W",NA,NA,1127.04,"X",0.1,"NAVD88","09020305",NA,NA,"NNNNYNNNNNNNNNNNNNNNNNNNNNNNNN",NA,NA,254,NA,"CST","Y",NA,"YNNNNNNN",NA,NA,NA,NA,NA,NA,"MN-00112","Med"
"05078500",0.146329687027093,10.0027397260274,2010-01-01,2019-12-31,0.000273822562979142,"USGS","CLEARWATER RIVER AT RED LAKE FALLS, MN","ST",475310.34,961635.69,47.88620556,-96.2765806,"M","H","NAD83","NAD83","27","27","125","US","NWNE  S22 T151N R44W",NA,NA,943.84,"L",0.01,"NGVD29","09020305",NA,NA,"NNNNYNNNNNNNNNNNNNNNNNNNNNNNNN",NA,NA,1380,NA,"CST","Y",NA,"NNNNNNNN",NA,NA,NA,NA,NA,NA,"MN-00112","Low"
"05079000",0.116578263582837,10.0054794520548,2010-01-01,2019-12-31,0,"USGS","RED LAKE RIVER AT CROOKSTON, MN","ST",474632,963633,47.77552716,-96.6095101,"M","S","NAD27","NAD83","27","27","119","US","SWSW  S30 T150N R46W",NA,NA,833.81,"W",0.01,"NAVD88","09020303",NA,NA,"NNNNYNNNNNNNNNNNNNNNNNNNNNNNNN",NA,NA,5270,NA,"CST","Y",NA,"YNNNNNNN",NA,NA,NA,NA,NA,NA,"MN-00112","Low"
"05080000",0.109961436930749,10.0054794520548,2010-01-01,2019-12-31,0,"USGS","RED LAKE RIVER AT FISHER, MN","ST",474801,964831,47.8002519,-96.8089627,"M","S","NAD27","NAD83","27","27","119","US","SWNE  S21 T150N R48W",NA,NA,798.8,"W",0.01,"NAVD88","09020303",NA,NA,"NNNNYNNNNNNNNNNNNNNNNNNNNNNNNN",NA,NA,5680,NA,"CST","Y",NA,"NNNNNNNN",NA,NA,NA,NA,NA,NA,"MN-00112","Low"
"05085450",0.221401534125379,10.0054794520548,2010-01-01,2019-12-31,0,"USGS","SNAKE RIVER ABOVE WARREN, MN","ST",481235,964305,48.2097222,-96.7180556,"N","S","NAD83","NAD83","27","27","089","US",NA,NA,NA,800.56,"X",0.12,"NAVD88","09020309",NA,NA,"NNNNYNNNNNNNNNNNNNNNNNNNNNNNNN",NA,20081106,176,NA,"CST","Y",NA,"Y",NA,NA,NA,NA,NA,NA,"MN-00111","Med"
"05087500",0.218074066003904,9.84931506849315,2010-01-01,2019-11-04,0,"USGS","MIDDLE RIVER AT ARGYLE, MN","ST",482025,964858,48.3402552,-96.8164502,"N","S","NAD27","NAD83","27","27","089","US","NENW  S15 T156N R48W",NA,NA,829.93,"W",0.01,"NAVD88","09020309",NA,NA,"NNNNYNNNNNNNNNNNNNNNNNNNNNNNNN",NA,NA,255,NA,"CST","Y",NA,"YNNNNNNN",NA,NA,NA,NA,NA,NA,"MN-00112","Med"
"05094000",0.210578380974102,9.83287671232877,2010-01-01,2019-10-29,0,"USGS","SOUTH BRANCH TWO RIVERS AT LAKE BRONSON, MN","ST",484357,964002,48.7324786,-96.6675444,"M","S","NAD27","NAD83","27","27","069","US","SWSW  S30 T161N R46W",NA,NA,929.82,"W",0.01,"NAVD88","09020312",NA,NA,"NNNNYNNNNNNNNNNNNNNNNNNNNNNNNN",NA,NA,558,NA,"CST","Y",NA,"YNNNNNNN",NA,NA,NA,NA,NA,NA,"MN-00112","Med"
"05104500",0.157759350635274,10.0054794520548,2010-01-01,2019-12-31,0,"USGS","ROSEAU RIVER BELOW SOUTH FORK NEAR MALUNG, MN","ST",484741,954432,48.79470197,-95.7424885,"M","S","NAD27","NAD83","27","27","135","US","SENWSWS6  T161N R39W","MALUNG","  24000",1031.18,"W",0.01,"NAVD88","09020314",NA,NA,"NNNNYNNNNNNNNNNNNNNNNNNNNNNNNN",NA,NA,430,NA,"CST","Y",NA,"YNNNNNNN",NA,NA,NA,NA,NA,NA,"MN-00112","Low"
"05106000",0.138894260381734,10.0054794520548,2010-01-01,2019-12-31,0,"USGS","SPRAGUE CREEK NEAR SPRAGUE, MANITOBA, CANADA","ST",485933,953943,48.99248859,-95.6621992,"M","S","NAD27","NAD83","27","27","135","US","NENE  S34 T164N R39W",NA,NA,1038.4,"L",0.01,"NGVD29","09020314",NA,NA,"NNNNYNNNNNNNNNNNNNNNNNNNNNNNNN",NA,NA,176,NA,"CST","Y",NA,"NNNNNNNN",NA,NA,NA,NA,NA,NA,"MN-00112","Low"
"05107500",0.0634208958123376,10.0054794520548,2010-01-01,2019-12-31,0,"USGS","ROSEAU RIVER AT ROSS, MN","ST",485437,955518,48.9102603,-95.9219402,"M","S","NAD27","NAD83","27","27","135","US","NESE  S27 T163N R41W",NA,NA,1018.61,"L",0.01,"NGVD29","09020314",NA,NA,"NNNNYNNNNNNNNNNNNNNNNNNNNNNNNN",NA,NA,1090,NA,"CST","Y",NA,"NNNNNNNN",NA,NA,NA,NA,NA,NA,"MN-00112","Low"
"05112000",0.0481627854565961,10.0054794520548,2010-01-01,2019-12-31,0,"USGS","ROSEAU RIVER BELOW STATE DITCH 51 NR CARIBOU, MN","ST",485854,962746,48.98164829,-96.4630804,"M","S","NAD27","NAD83","27","27","069","US","SESW  S34 T164N R45W",NA,NA,1002.31,"L",0.01,"NGVD29","09020314",NA,NA,"NNNNYNNNNNNNNNNNNNNNNNNNNNNNNN",NA,NA,1420,NA,"CST","Y",NA,"NNNNNNNN",NA,NA,NA,NA,NA,NA,"MN-00112","Low"
"05124480",0.0342625584458487,10.0054794520548,2010-01-01,2019-12-31,0,"USGS","KAWISHIWI RIVER NEAR ELY, MN","ST",475522,913206,47.9226749,-91.535126,"M","S","NAD27","NAD83","27","27","075","US","SESE  S24 T163N R10W",NA,NA,NA,NA,NA,NA,"09030001",NA,NA,"NNNNYNNNNNNNNNNNNNNNNNNNNNNNNN",NA,NA,254,NA,"CST","Y",NA,"NNNNNNNN",NA,NA,NA,NA,NA,NA,"MN-00112","Low"
"05125000",0.0462440021106522,10.0054794520548,2010-01-01,2019-12-31,0,"USGS","SOUTH KAWISHIWI RIVER NEAR ELY, MN","ST",475024,914143,47.83990347,-91.69541879,"M","U","NAD27","NAD83","27","27","075","US","NESW  S23 T62N  R11W",NA,NA,1430,"U",10,"NGVD29","09030001",NA,NA,"NNNNYNNNNNNNNNNNNNNNNNNNNNNNNN",NA,NA,NA,NA,"CST","Y",NA,"NNNNNNNN",NA,NA,NA,NA,NA,NA,"MN-00112","Low"
"05126210",0.0672530788732954,10.0054794520548,2010-01-01,2019-12-31,0,"USGS","SOUTH KAWISHIWI R ABV WHITE IRON LAKE NR ELY, MN","ST",475031,914756,47.84185,-91.7990339,"M","U","NAD27","NAD83","27","27","075","US","SWNW  S19 T62N  R11W",NA,NA,NA,NA,NA,NA,"09030001",NA,NA,"NNNNYNNNNNNNNNNNNNNNNNNNNNNNNN",NA,NA,837,NA,"CST","Y",NA,"NNNNNNNN",NA,NA,NA,NA,NA,NA,NA,"Low"
"05127000",0.0685270023809319,10.0054794520548,2010-01-01,2019-12-31,0,"USGS","KAWISHIWI RIVER NEAR WINTON, MN","ST",475605,914550,47.9346207,-91.7640262,"M","S","NAD27","NAD83","27","27","075","US","NENW  S20 T63N  R11W",NA,NA,NA,NA,NA,NA,"09030001",NA,NA,"NNNNNNNNNNNNNNNNNNNNNNNNNNNNNN",NA,NA,1230,NA,"CST","Y",NA,"NNNNNNNN",NA,NA,NA,NA,NA,NA,"MN-00112","Low"
"05127500",0.0245610379120672,10.0054794520548,2010-01-01,2019-12-31,0,"USGS","BASSWOOD RIVER NEAR WINTON, MN","ST",480457,913909,48.0823937,-91.6526237,"M","U","NAD27","NAD83","27","27","075","US","SESE  S30 T65N  R 10W",NA,NA,1296.8,"L",0.01,"NGVD29","09030001",NA,NA,"NNNNYNNNNNNNNNNNNNNNNNNNNNNNNN",NA,NA,1740,NA,"CST","Y",NA,"NNNNNNNN",NA,NA,NA,NA,NA,NA,"MN-00112","Low"
"05129115",0.0478643322614393,10.0054794520548,2010-01-01,2019-12-31,0,"USGS","VERMILION RIVER NR CRANE LAKE, MN","ST",481553,923357,48.2646282,-92.5659935,"M","S","NAD27","NAD83","27","27","137","US","NENE  S30 T67N  R17W",NA,NA,1180,"M",10,"NGVD29","09030002",NA,NA,"NNNNYNNNNNNNNNNNNNNNNNNNNNNNNN",NA,NA,905,NA,"CST","Y",NA,"NNNNNNNN",NA,NA,NA,NA,NA,NA,"MN-00101","Low"
"05129290",0.0201592770496838,10.0054794520548,2010-01-01,2019-12-31,0,"USGS","GOLD PORTAGE OUTLET FROM KABETOGAMA LK NR RAY,MN","ST",483128,930429,48.5243635,-93.0748688,"M","U","NAD27","NAD83","27","27","137","US","SWNE  S30 T70N  R21W",NA,NA,NA,NA,NA,NA,"09030003",NA,NA,"NNNNYNNNNNNNNNNNNNNNNNNNNNNNNN",NA,NA,NA,NA,"CST","Y",NA,"NNNNNNNN",NA,NA,NA,NA,NA,NA,"MN-00112","Low"
"05129515",0.0325694427596866,8.28219178082192,2011-09-22,2019-12-31,0,"USGS","RAINY R AT BOAT LANDING BLW INTERNATIONAL FALLS,MN","ST",483532,932648,48.5922222,-93.4466667,"N","S","NAD83","NAD83","27","27","071","US",NA,NA,NA,1059.9,"Y",0.05,"NAVD88","09030004",NA,NA,"NNNNYNNNNNNNNNYNYNNNNNNNNNNNNN",NA,20110906,NA,NA,"CST","Y",NA,"Y",NA,NA,NA,NA,NA,NA,"MN-00111","Low"
"05131500",0.132432411141428,10.0054794520548,2010-01-01,2019-12-31,0,"USGS","LITTLE FORK RIVER AT LITTLEFORK, MN","ST",482345,933257,48.39577636,-93.5493266,"M","S","NAD27","NAD83","27","27","071","US","NESE  S9  T68N  R25W",NA,NA,1083.59,"L",0.01,"NGVD29","09030005",NA,NA,"NNNNYNNNNNNNNNNNNNNNNNNNNNNNNN",NA,NA,1700,NA,"CST","Y",NA,"NNNNNNNN",NA,NA,NA,NA,NA,NA,"MN-00112","Low"
"05132000",0.100102226510314,10.0054794520548,2010-01-01,2019-12-31,0,"USGS","BIG FORK RIVER AT BIG FALLS, MN","ST",481145,934825,48.1957849,-93.8071245,"M","S","NAD27","NAD83","27","27","071","US","      S35 T155N R25W  5","BIG FALLS, MN","  24000",1184,"N",1.6,"NAVD88","09030006",NA,NA,"NNNNYNNNNNNNNNNNNNNNNNNNNNNNNN",NA,NA,1480,NA,"CST","Y",NA,"YNNNNNNN",NA,NA,NA,NA,NA,NA,"MN-00112","Low"
"05133500",0.0379241105946946,10.0054794520548,2010-01-01,2019-12-31,0,"USGS","RAINY RIVER AT MANITOU RAPIDS, MN","ST",483804,935447,48.6344009,-93.913228,"M","U","NAD27","NAD83","27","27","071","US","NWSE  S36 T160N R26W",NA,NA,1062.48,"L",0.01,"NGVD29","09030004",NA,NA,"YNNNYNNNNNYNNNNNNNNNNNNNNNNNNN",NA,NA,19400,NA,"CST","Y",NA,"NNNNNNNN",NA,NA,NA,NA,NA,NA,"MN-00112","Low"
"05137500",0.0750921434871471,8.14246575342466,2010-04-15,2018-10-22,0.0452939286861548,"USGS","RAINY RIVER NEAR BOAT LANDING AT WHEELERS POINT,MN","ST",484949,944218,48.83027778,-94.705,"N","S","NAD83","NAD83","27","27","077","US",NA,NA,NA,1055.2,"Y",0.05,"NAVD88","09030008",NA,NA,"NNNNYNNNNNNNNNYNYNNNNNNNNNNNNN",NA,20100331,NA,NA,"CST","Y",NA,"Y",NA,NA,NA,NA,NA,NA,"MN-003C9","Low"
"05207600",0.0170830144892866,10.0054794520548,2010-01-01,2019-12-31,0,"USGS","MISSISSIPPI RIVER AT WILLOW BEACH AT BALL CLUB, MN","ST",471808,935405,47.3022222,-93.9013889,"N","S","NAD83","NAD83","27","27","061","US","NWSE  S7  T144N R25W",NA,NA,1270.04,"L",0.01,"NGVD29","07010101",NA,"C","NNNNYNNNNNNNNNNNNNNNNNNNNNNNNN",NA,NA,2850,NA,"CST","Y",NA,"NNNNNNNN",NA,NA,NA,NA,NA,NA,"MN-00108","Low"
"05211000",0.0301430570546347,10.0054794520548,2010-01-01,2019-12-31,0,"USGS","MISSISSIPPI RIVER AT GRAND RAPIDS, MN","ST",471356,933148,47.23216599,-93.5302144,"M","S","NAD27","NAD83","27","27","061","US","SWNW  S27 T55N  R25W","GRAND RAPIDS","  24000",1242.03,"L",0.01,"NGVD29","07010103",NA,NA,"NNNNYNNNNNNNNNNNNNNNNNNNNNNNNN",NA,NA,3370,NA,"CST","Y",NA,"NNNNNNNN",NA,NA,NA,NA,NA,NA,"MN-00112","Low"
"05212700",0.0576036708903664,9.13424657534247,2010-01-01,2019-12-31,0.0870755750273823,"USGS","PRAIRIE RIVER NEAR TACONITE, MN","ST",472320,932250,47.3888277,-93.380757,"M","S","NAD27","NAD83","27","27","061","US","NWSW  S27 T57N  R24W",NA,NA,1294.81,"L",0.01,"NGVD29","07010103",NA,NA,"NNNNYNNNNNNNNNNNNNNNNNNNNNNNNN",NA,NA,371,NA,"CST","Y",NA,"NNNNNNNN",NA,NA,NA,NA,NA,NA,"MN-00112","Low"
"05227500",0.0324653079054926,10.0054794520548,2010-01-01,2019-12-31,0,"USGS","MISSISSIPPI RIVER AT AITKIN, MN","ST",463226,934226,46.5405128,-93.7074712,"M","S","NAD27","NAD83","27","27","001","US","SWNW  S24 T47N  R27W",NA,NA,1182.41,"L",0.01,"NGVD29","07010104",NA,NA,"NNNNYNNNNNNNNNNNNNNNNNNNNNNNNN",NA,NA,6140,NA,"CST","Y",NA,"NNNNNNNN",NA,NA,NA,NA,NA,NA,"MN-00112","Low"
"05227530",0.0697912330826371,5.48219178082192,2014-06-11,2019-12-31,0.0142857142857142,"USGS","MISSISSIPPI RIVER DIVERSION NEAR AITKIN, MN","ST",463530,934113,46.59166667,-93.6869444,"N","S","NAD83","NAD83","27","27","001","US",NA,NA,NA,NA,NA,NA,NA,"07010104",NA,"C","NNNYNNNNNNNNNNNNNNNNNNNNNNNNNN",NA,20140415,NA,NA,"CST","Y",NA,NA,NA,NA,NA,NA,NA,NA,"MN-00101","Low"
"05242300",0.0397747532381307,10.0054794520548,2010-01-01,2019-12-31,0,"USGS","MISSISSIPPI RIVER AT BRAINERD, MN","ST",462240,941059,46.377744,-94.1833279,"M","S","NAD27","NAD83","27","27","035","US","SESW  S18 T45N  R30W",NA,NA,1146.96,"L",0.01,"NGVD29","07010104",NA,"C","NNNNYNNNNNYNNNNNNNNNNNNNNNNNNN",NA,19870424,7320,NA,"CST","Y",NA,"NNNNNNNN",NA,NA,NA,NA,NA,NA,"MN-00112","Low"
"05243725",0.0317783831567348,9.99178082191781,2010-01-01,2019-12-31,0.00136911281489593,"USGS","STRAIGHT RIVER NEAR PARK RAPIDS, MN","ST",465230,950356,46.87495909,-95.0658552,"M","S","NAD27","NAD83","27","27","057","US","NWNE  S11 T139N R35W",NA,NA,1399.55,"L",0.01,"NGVD29","07010106",NA,NA,"NNNNYNNNNNNNNNNNNNNNNNNNNNNNNN",NA,NA,58.9,NA,"CST","Y",NA,"NNNNNNNN",NA,NA,NA,NA,NA,NA,"MN-00112","Low"
"05244000",0.036833162136046,10.0054794520548,2010-01-01,2019-12-31,0,"USGS","CROW WING RIVER AT NIMROD, MN","ST",463825,945244,46.64023789,-94.8791839,"M","U","NAD27","NAD83","27","27","159","US","SENW  S32 T137N R33W",NA,NA,1313.27,"L",0.01,"NGVD29","07010106",NA,NA,"NNNNYNNNNNNNNNNNNNNNNNNNNNNNNN",NA,NA,1030,NA,"CST","Y",NA,"NNNNNNNN",NA,NA,NA,NA,NA,NA,"MN-00112","Low"
"05245100",0.0541225713137058,9.89041095890411,2010-01-01,2019-11-30,0.00303783485225073,"USGS","LONG PRAIRIE RIVER AT LONG PRAIRIE, MN","ST",455830,945156,45.97496449,-94.8658552,"M","S","NAD27","NAD83","27","27","153","US","NENW  S20 T129N R33W",NA,NA,1281.74,"L",0.01,"NGVD29","07010108",NA,NA,"NNYNYNNNNNNNNNNNNNNNNNNNNNNNNN",NA,NA,434,NA,"CST","Y",NA,"NNNNNNNN",NA,NA,NA,NA,NA,NA,"MN-00111","Low"
"05247500",0.0740607027401716,10.0054794520548,2010-01-01,2019-12-31,0,"USGS","CROW WING RIVER NEAR PILLAGER, MN","ST",461818,942238,46.304967,-94.3775036,"M","U","NAD27","NAD83","27","27","021","US","SWNE  S30 T133N R29W",NA,NA,1151,"L",0.01,"COE1912","07010106",NA,NA,"NNNNYNNNNNNNNNNNNNNNNNNNNNNNNN",NA,NA,3760,NA,"CST","Y",NA,"NNNNNNNN",NA,NA,NA,NA,NA,NA,"MN-00112","Low"
"05267000",0.0484320955056851,9.92876712328767,2010-01-01,2019-12-03,0,"USGS","MISSISSIPPI RIVER NEAR ROYALTON, MN","ST",454934,942118,45.8260765,-94.3552782,"M","U","NAD27","NAD83","27","27","097","US","    SES32 T39N  R32W","TWO RIVER","  24000",1040,"M",10,"NGVD29","07010201",NA,NA,"NNNNYNNNNNNNNNNNNNNNNNNNNNNNNN",NA,NA,11600,NA,"CST","Y",NA,"NNNNNNNN",NA,NA,NA,NA,NA,NA,"MN-00112","Low"
"05270500",0.0463978469051878,9.92328767123288,2010-01-01,2019-12-01,0,"USGS","SAUK RIVER NEAR ST. CLOUD, MN","ST",453335,941400,45.55968715,-94.2336033,"M","S","NAD27","NAD83","27","27","145","US","SWSW  S08 T124N R28W",NA,NA,1034.63,"L",0.01,"NGVD29","07010202",NA,NA,"NNNNYNNNNNNNNNNNNNNNNNNNNNNNNN",NA,NA,1030,NA,"CST","Y",NA,"NNNNNNNN",NA,NA,NA,NA,NA,NA,"MN-00111","Low"
"05270700",0.0489365452387924,9.92876712328767,2010-01-01,2019-12-03,0,"USGS","MISSISSIPPI RIVER AT ST. CLOUD, MN","ST",453250,940844,45.5471875,-94.145822,"M","S","NAD27","NAD83","27","27","141","US","SESW  S1  T35N  R31W",NA,"  24000",958.49,"L",0.01,"NGVD29","07010203",NA,NA,"NNNNYNNNNNNNNNNNNNNNNNNNNNNNNN",NA,NA,13320,NA,"CST","Y",NA,"NNNNNNNN",NA,NA,NA,NA,NA,NA,"MN-00111","Low"
"05275000",0.0653020804536539,9.92054794520548,2010-01-01,2019-11-30,0,"USGS","ELK RIVER NEAR BIG LAKE, MN","ST",452002,934000,45.3338537,-93.6669098,"M","S","NAD27","NAD83","27","27","141","US","NESW  S23 T33N  R27W",NA,NA,899.6,"L",0.01,"NGVD29","07010203",NA,NA,"NNNNYNNNNNNNNNNNNNNNNNNNNNNNNN",NA,NA,559,NA,"CST","Y",NA,"NNNNNNNN",NA,NA,NA,NA,NA,NA,"MN-00112","Low"
"05280000",0.0573474957839882,9.9972602739726,2010-01-01,2019-12-31,0.000821467688937538,"USGS","CROW RIVER AT ROCKFORD, MN","ST",450512,934402,45.0866297,-93.734132,"M","S","NAD27","NAD83","27","27","053","US","  SWNES29 T119N R24W",NA,NA,893.08,"L",0.01,"NGVD29","07010204",NA,NA,"NNNNYNNNNNNNNNNNNNNNNNNNNNNNNN",NA,NA,2640,NA,"CST","Y",NA,"NNNNNNNN",NA,NA,NA,NA,NA,NA,"MN-00111","Low"
"05286000",0.071038847401575,9.86575342465753,2010-01-01,2019-11-10,0,"USGS","RUM RIVER NEAR ST. FRANCIS, MN","ST",451940,932220,45.32774267,-93.3724537,"M","S","NAD27","NAD83","27","27","003","US","SWSESES19 T33N  R24W",NA,NA,860.74,"L",0.01,"NGVD29","07010207",NA,NA,"NNNNYNNNNNNNNNNNNNNNNNNNNNNNNN",NA,NA,1360,NA,"CST","Y",NA,"NNNNNNNN",NA,NA,NA,NA,NA,NA,"MN-00111","Low"
"05287890",0.123323776015907,10.0027397260274,2010-01-01,2019-12-31,0.000273822562979142,"USGS","ELM CREEK NR CHAMPLIN, MN","ST",450948,932611,45.1632981,-93.4366212,"M","S","NAD27","NAD83","27","27","053","US","NENW  S35 T120N R22W",NA,NA,850.7,"L",0.1,"NGVD29","07010206",NA,NA,"NNNNYNNNNNNNNNNNNNNNNNNNNNNNNN",NA,NA,86,NA,"CST","Y",NA,"NNNNNNNN",NA,NA,NA,NA,NA,NA,"MN-00111","Low"
"05288500",0.0450568137988047,9.94794520547945,2010-01-01,2019-12-10,0,"USGS","MISSISSIPPI RIVER AT HWY 610 IN BROOKLYN PARK, MN","ST",450736,931748,45.1266318,-93.2968947,"M","S","NAD27","NAD83","27","27","053","US","    SWS 12T119N R21W",NA,NA,804.74,"L",0.01,"NAVD88","07010206",NA,NA,"NNNNYNNNNNNNNNNNNNNNNNNNNNNNNN",NA,NA,19100,NA,"CST","Y",NA,"NNNNNNNN",NA,NA,NA,NA,NA,NA,"MN-00111","Low"
"05288580",0.0468470373965771,9.94246575342466,2010-01-01,2019-12-08,0,"USGS","RICE CREEK BLW OLD HWY. 8 IN MOUNDS VIEW, MN","ST",450536,931142,45.0933333,-93.195,"M","S","NAD83","NAD83","27","27","123","US","NWNE  S17 T30N  R23W","NEW BRIGHTON","  24000",860.64,"L",0.01,"NAVD88","07010206",NA,NA,"NNNNYNNNNYNNNNNNNNNNNNNNNNNNNN",NA,20051122,156,NA,"CST","Y",NA,NA,NA,NA,NA,NA,NA,NA,"MN-00111","Low"
"05288705",0.200251113339946,10.0054794520548,2010-01-01,2019-12-31,0,"USGS","SHINGLE CREEK AT QUEEN AVE IN MINNEAPOLIS, MN","ST",450300,931836,45.04996508,-93.3102274,"M","S","NAD27","NAD83","27","27","053","US","NENW  S11 T118N R21W",NA,NA,NA,NA,NA,NA,"07010206",NA,NA,"NNNNYNNNNNNNNNNNNNNNNNNNNNNNNN",NA,NA,28.2,NA,"CST","Y",NA,"NNNNNNNN",NA,NA,NA,NA,NA,NA,"MN-CRM00","Med"
"05289800",0.0988383533301894,9.90684931506849,2010-01-01,2019-12-10,0.00413109336271,"USGS","MINNEHAHA CREEK AT HIAWATHA AVE. IN MINNEAPOLIS,MN","ST",445456,931245,44.91552097,-93.2127224,"M","S","NAD27","NAD83","27","27","053","US","NESWNES18 T28N  R23W","ST. PAUL WEST","  24000",790.31,"L",0.01,"NGVD29","07010206",NA,"C","NNNNYNNNNNNNNNNNNNNNNNNNNNNNNN",NA,20051011,176,NA,"CST","Y",NA,NA,NA,NA,NA,NA,NA,NA,"MN-00111","Low"
"05292000",0.135439110454123,10.0027397260274,2010-01-01,2019-12-31,0.000273822562979142,"USGS","MINNESOTA RIVER AT ORTONVILLE, MN","ST",451744,962638,45.29552046,-96.4442231,"M","U","NAD27","NAD83","27","27","011","US","NENW  S16 T121N R46W",NA,NA,956.38,"L",0.01,"NGVD29","07020001",NA,NA,"NNNNYNNNNNNNNNNNNNNNNNNNNNNNNN",NA,NA,1160,NA,"CST","Y",NA,"NNNNNNNN",NA,NA,NA,NA,NA,NA,"MN-00111","Low"
"05293000",0.204495505478711,9.88219178082192,2010-01-01,2019-12-01,0.00414135836554386,"USGS","YELLOW BANK RIVER NEAR ODESSA, MN","ST",451337,962112,45.2269094,-96.353665,"M","S","NAD27","NAD83","27","27","073","US","SWSW  S6  T120N R45W",NA,NA,953.34,"L",0.01,"NGVD29","07020001",NA,NA,"NNNNYNNNNNNNNNNNNNNNNNNNNNNNNN",NA,NA,459,NA,"CST","Y",NA,"NNNNNNNN",NA,NA,NA,NA,NA,NA,"MN-00111","Med"
"05294000",0.06449397781315,9.93424657534247,2010-01-01,2019-12-09,0.00110192837465561,"USGS","POMME DE TERRE RIVER AT APPLETON, MN","ST",451210,960120,45.2027393,-96.0225455,"M","U","NAD27","NAD83","27","27","151","US","SWNW  S14 T120N R43W",NA,NA,978.63,"L",0.01,"NAVD88","07020002",NA,NA,"NNNNYNNNNNNNNNNNNNNNNNNNNNNNNN",NA,NA,905,NA,"CST","Y",NA,"NNNNNNNN",NA,NA,NA,NA,NA,NA,"MN-00111","Low"
"05300000",0.102188084207348,10.0054794520548,2010-01-01,2019-12-31,0,"USGS","LAC QUI PARLE RIVER NEAR LAC QUI PARLE, MN","ST",445943,955510,44.99523647,-95.9197542,"M","S","NAD27","NAD83","27","27","073","US","SWSW  S27 T118N R42W",NA,NA,946.98,"L",0.01,"NGVD29","07020003",NA,NA,"NNNNYNNNNNNNNNNNNNNNNNNNNNNNNN",NA,NA,960,NA,"CST","Y",NA,"NNNNNNNN",NA,NA,NA,NA,NA,NA,"MN-00111","Low"
"05301000",0.0562928740260278,10.0054794520548,2010-01-01,2019-12-31,0,"USGS","MINNESOTA RIVER NEAR LAC QUI PARLE, MN","ST",450117,955205,45.0213472,-95.8683648,"M","U","NAD27","NAD83","27","27","023","US","NWNE  S24 T118N R42W",NA,NA,900,"L",0.01,"NGVD29","07020004",NA,NA,"NNNNYNNNNNNNNNNNNNNNNNNNNNNNNN",NA,NA,4050,NA,"CST","Y",NA,"NNNNNNNN",NA,NA,NA,NA,NA,NA,"MN-00111","Low"
"05304500",0.067223677638887,9.92876712328767,2010-01-01,2019-12-08,0.00137779002480021,"USGS","CHIPPEWA RIVER NEAR MILAN, MN","ST",450630,954755,45.108292,-95.7989224,"M","S","NAD27","NAD83","27","27","023","US","NENE  S21 T119N R41W",NA,NA,959.69,"L",0.01,"NGVD29","07020005",NA,NA,"NNNNYNNNNNNNNNNNNNNNNNNNNNNNNN",NA,NA,1880,NA,"CST","Y",NA,"NNNNNNNN",NA,NA,NA,NA,NA,NA,"MN-00111","Low"
"05305000",0.0647910453807489,9.25753424657534,2010-10-01,2019-12-31,0,"USGS","CHIPPEWA RIVER (TW) NEAR WATSON, MN","ST",450116,954725,45.02106855,-95.7905848,"U","U","NAD27","NAD83","27","27","023","US","NENW  S22 T118N R41W",NA,NA,931.82,"L",0.01,"NGVD29","07020005",NA,NA,"NNNNYNNNNNNNNNNNNNNNNNNNNNNNNN",NA,NA,NA,NA,"CST","Y",NA,"NNNNNNNN",NA,NA,NA,NA,NA,NA,"MN-00101","Low"
"05311000",0.0520651408637324,10.0054794520548,2010-01-01,2019-12-31,0,"USGS","MINNESOTA RIVER AT MONTEVIDEO, MN","ST",445600,954400,44.9332903,-95.7336374,"M","S","NAD27","NAD83","27","27","173","US","NWNW  S19 T117N R40W",NA,NA,909.12,"L",0.01,"NGVD29","07020004",NA,NA,"NNNNYNNNNNNNNNNNNNNNNNNNNNNNNN",NA,NA,6180,NA,"CST","Y",NA,"NNNNNNNN",NA,NA,NA,NA,NA,NA,"MN-00111","Low"
"05313500",0.125359693477539,10.0054794520548,2010-01-01,2019-12-31,0,"USGS","YELLOW MEDICINE RIVER NEAR GRANITE FALLS, MN","ST",444254.6,953238.8,44.71516667,-95.5441111,"G","1","NAD83","NAD83","27","27","173","US","  NWSWS35 T115N R39W","WOOD LAKE, MINN.","  24000",984.47,"L",0.01,"NAVD88","07020004",NA,NA,"NNNNYNNNNNNNNNNNNNNNNNNNNNNNNN",NA,NA,666,NA,"CST","Y","U","NNNNNNNN",NA,NA,NA,NA,NA,NA,"MN-00111","Low"
"05315000",0.134252840997279,10.0054794520548,2010-01-01,2019-12-31,0,"USGS","REDWOOD RIVER NEAR MARSHALL, MN","ST",442548.6,954946.4,44.43016667,-95.8295556,"N","1","NAD83","NAD83","27","27","083","US","NWSW  S07 T111N R42W",NA,NA,NA,NA,NA,NA,"07020006",NA,"C","NNNNYNNNNNNNNNNNNNNNNNNNNNNNNN",NA,NA,259,NA,"CST","Y",NA,"NNNNNNNN",NA,NA,NA,NA,NA,NA,"MN-00111","Low"
"05316500",0.124823908360166,10.0054794520548,2010-01-01,2019-12-31,0,"USGS","REDWOOD RIVER NEAR REDWOOD FALLS, MN","ST",443125,951020,44.5235701,-95.1724992,"M","S","NAD27","NAD83","27","27","127","US","SENE  S9  T112N R36W",NA,NA,972.33,"L",0.01,"NGVD29","07020006",NA,NA,"NNNNYNNNNNNNNNNNNNNNNNNNNNNNNN",NA,NA,629,NA,"CST","Y",NA,"NNNNNNNN",NA,NA,NA,NA,NA,NA,"MN-00111","Low"
"05316580",0.0616750683936765,10.0027397260274,2010-01-01,2019-12-31,0.000273822562979142,"USGS","MINNESOTA RIVER AT MORTON, MN","ST",443246,945946,44.5460717,-94.9963838,"M","S","NAD27","NAD83","27","27","127","US","NESE  S36 T113N R35W","MORTON QUAD","  24000",805.27,"L",0.01,"NAVD88","07020007",NA,NA,"NNNNYNNNNNNNNNNNNNNNNNNNNNNNNN",NA,NA,8970,NA,"CST","Y",NA,"NNNNNNNN",NA,NA,NA,NA,NA,NA,"MN-00111","Low"
"05317000",0.149392406600007,10.0054794520548,2010-01-01,2019-12-31,0,"USGS","COTTONWOOD RIVER NEAR NEW ULM, MN","ST",441721.81,942618.98,44.28939167,-94.4386056,"N","1","NAD83","NAD83","27","27","015","US","  NWSES33 T110N R30W  5","NEW ULM, MN","  24000",820,"N",1.6,"NAVD88","07020008",NA,"C","NNNNYNNNNNNNNNNNNNNNNNNNNNNNNN",NA,NA,1300,NA,"CST","Y",NA,"NYNNNNNN",NA,NA,NA,NA,NA,NA,"MN-00111","Low"
"05319500",0.130692309020895,10.0054794520548,2010-01-01,2019-12-31,0,"USGS","WATONWAN RIVER NEAR GARDEN CITY, MN","ST",440247,941143,44.04635215,-94.1955144,"M","S","NAD27","NAD83","27","27","013","US","SWNE  S28 T107N R28W",NA,NA,905.05,"L",0.01,"NGVD29","07020010",NA,NA,"NNNNYNNNNNNNNNNNNNNNNNNNNNNNNN",NA,NA,851,NA,"CST","Y",NA,"NNNNNNNN",NA,NA,NA,NA,NA,NA,"MN-00111","Low"
"05320000",0.111554994931856,10.0054794520548,2010-01-01,2019-12-31,0,"USGS","BLUE EARTH RIVER NEAR RAPIDAN, MN","ST",440544,940633,44.09552035,-94.1094019,"M","S","NAD27","NAD83","27","27","013","US","SESE  S6  T107N R27W",NA,NA,808.8,"L",0.01,"NGVD29","07020009",NA,NA,"NNNNYNNNNNNNNNNNNNNNNNNNNNNNNN",NA,NA,2410,NA,"CST","Y",NA,"NNNNNNNN",NA,NA,NA,NA,NA,NA,"MN-00111","Low"
"05320500",0.149708489088387,10.0054794520548,2010-01-01,2019-12-31,0,"USGS","LE SUEUR RIVER NEAR RAPIDAN, MN","ST",440635,940230,44.10968777,-94.0419002,"M","S","NAD27","NAD83","27","27","013","US","SESW  S35 T108N R27W",NA,NA,775.76,"L",0.01,"NGVD29","07020011",NA,NA,"NNNNYNNNNNNNNNNNNNNNNNNNNNNNNN",NA,NA,1110,NA,"CST","Y",NA,"NNNNNNNN",NA,NA,NA,NA,NA,NA,"MN-00111","Low"
"05325000",0.0663791235872443,10.0054794520548,2010-01-01,2019-12-31,0,"USGS","MINNESOTA RIVER AT MANKATO, MN","ST",441008,940011,44.1688553,-94.0032886,"M","S","NAD27","NAD83","27","27","013","US","SESW  S7  T108N R26W",NA,NA,747.92,"L",0.01,"NGVD29","07020007",NA,NA,"NNNNYNNNNNNNNNNNNNNNNNNNNNNNNN",NA,NA,14900,NA,"CST","Y",NA,"NNNNNNNN",NA,NA,NA,NA,NA,NA,"MN-00111","Low"
"05330000",0.0584373291732824,10.0054794520548,2010-01-01,2019-12-31,0,"USGS","MINNESOTA RIVER NEAR JORDAN, MN","ST",444135,933830,44.69301845,-93.641902,"M","S","NAD27","NAD83","27","27","019","US","NWSW  S7  T114N R23W",NA,NA,690.08,"L",0.01,"NAVD88","07020012",NA,"C","NNNNYNNNNNNNNNNNNNNNNNNNNNNNNN",NA,NA,16200,NA,"CST","Y",NA,"NNNNNNNN",NA,NA,NA,NA,NA,NA,"MN-00100","Low"
"05330920",0.0574650986878389,10.0054794520548,2010-01-01,2019-12-31,0,"USGS","MINNESOTA RIVER AT FORT SNELLING STATE PARK, MN","ST",445213,931132,44.8702432,-93.1924432,"M","S","NAD27","NAD83","27","27","053","US","SESWNES32 T28N  R23W",NA,NA,0,"L",0.1,"NGVD29","07020012",NA,NA,"NNNNYNNNNNNNNNYNNNNNNNNNNNNNNN",NA,NA,16900,NA,"CST","Y",NA,"NNNNNNNN",NA,NA,NA,NA,NA,NA,"MN-00111","Low"
"05331000",0.0444081525165577,9.94794520547945,2010-01-01,2019-12-10,0,"USGS","MISSISSIPPI RIVER AT ST. PAUL, MN","ST",445640,930517.2,44.9444444,-93.0881111,"N","1","NAD83","NAD83","27","27","123","US","NWNW  S13 T28 N R22W","ST. PAUL EAST QUAD",NA,683.77,"L",0.01,"NAVD88","07010206",NA,NA,"NNNNYNNNNNNNNNYNNNNNNNNNNNNNNN",NA,NA,36800,NA,"CST","Y",NA,"NNNNNNNN",NA,NA,NA,NA,NA,NA,"MN-00111","Low"
"05331580",0.0520124395099029,9.94794520547945,2010-01-01,2019-12-10,0,"USGS","MISSISSIPPI RIVER BELOW L&D #2 AT HASTINGS, MN","ST",444445,925052,44.7458333,-92.8477778,"N","S","NAD83","NAD83","27","27","037","US","SESWSWS22 T115N R17W",NA,NA,667.88,"L",0.01,"NAVD88","07010206",NA,"M","NNNNYNNNNNNNNNYNNNNNNNNNNNNNNN",NA,NA,37100,NA,"CST","Y",NA,"NNNNNNNN",NA,NA,NA,NA,NA,NA,"MN-CRM00","Low"
"05336700",0.173565828200167,9.92328767123288,2010-01-01,2019-12-01,0,"USGS","KETTLE RIVER BELOW SANDSTONE, MN","ST",460620,925150,46.1055048,-92.8640899,"M","S","NAD27","NAD83","27","27","115","US","NWSW  S22 T42N  R20W",NA,NA,931.5,"L",0.01,"NGVD29","07030003",NA,NA,"NNNNYNNNNNNNNNNNNNNNNNNNNNNNNN",NA,NA,868,NA,"CST","Y",NA,"NNNNNNNN",NA,NA,NA,NA,NA,NA,"MN-00111","Low"
"05338500",0.101360171435566,9.93698630136986,2010-01-01,2019-12-10,0.00110162489672272,"USGS","SNAKE RIVER NEAR PINE CITY, MN","ST",455030,925600,45.84162199,-92.9335412,"M","S","NAD27","NAD83","27","27","115","US","SENW  S26 T39N  R21W",NA,NA,NA,NA,NA,NA,"07030004",NA,NA,"NNNNYNNNNNNNNNNNNNNNNNNNNNNNNN",NA,NA,974,NA,"CST","Y",NA,"NNNNNNNN",NA,NA,NA,NA,NA,NA,"MN-00111","Low"
"05341550",0.0830267825132175,8.25753424657534,2011-09-09,2019-12-09,0,"USGS","ST. CROIX RIVER AT STILLWATER, MN","ST",450322,924814,45.05607806,-92.8040963,"M","S","NAD27","NAD83","27","27","163","US","NESE  S22 T30N  R20W",NA,NA,NA,NA,NA,NA,"07030005",NA,NA,"NNNNYNNNNNNNNNYNNNNNNNNNNNNNNN",NA,NA,7060,NA,"CST","Y",NA,"NNNNNNNN",NA,NA,NA,NA,NA,NA,"MN-EE000","Low"
"05345000",0.181838747142556,9.94520547945205,2010-01-01,2019-12-09,0,"USGS","VERMILLION RIVER NEAR EMPIRE, MN","ST",444000,930317,44.66663318,-93.0549358,"M","S","NAD27","NAD83","27","27","037","US","SWNW  S24 T114N R19W",NA,NA,851.99,"L",0.01,"NGVD29","07040001",NA,NA,"NNNNYNNNNNNNNNNNNNNNNNNNNNNNNN",NA,NA,129,NA,"CST","Y",NA,"NNNNNNNN",NA,NA,NA,NA,NA,NA,"MN-00111","Low"
"05353800",0.197023801912106,10.0054794520548,2010-01-01,2019-12-31,0,"USGS","STRAIGHT RIVER NEAR FARIBAULT, MN","ST",441529,931351,44.2580192,-93.2310473,"M","S","NAD27","NAD83","27","27","131","US","NWSE  S9  T109N R20W",NA,NA,1034.58,"L",0.01,"NGVD29","07040002",NA,NA,"NNNNYNNNNNYNNNNNNNNNNNNNNNNNNN",NA,NA,435,NA,"CST","Y",NA,"NNNNNNNN",NA,NA,NA,NA,NA,NA,"MN-00111","Low"
"05355024",0.132730774421419,7.16164383561644,2012-11-02,2019-12-31,0.000764525993883769,"USGS","CANNON RIVER AT NORTHFIELD MN","ST",442730.9,930934.8,44.4585833,-93.1596667,"N","1","NAD83","NAD83","27","27","131","US","NENE  S01 T111N R20W",NA,NA,0,"L",0.1,"NAVD88","07040002",NA,NA,"NNNNYNYNNNNNNNNNNNNNNNNNNNNNNN",NA,NA,929,NA,"CST","Y",NA,"NNNNNNNN",NA,NA,NA,NA,NA,NA,"MN-00111","Low"
"05355092",0.124642376800957,4.72054794520548,2015-04-14,2019-12-31,0,"USGS","CANNON RIVER AT 9TH ST. BRIDGE IN CANNON FALLS, MN","ST",443101.1,925443.3,44.5169722,-92.9120278,"N","1","NAD83","NAD83","27","27","049","US","      S07 T112N R17W  5","CANNON FALLS, MN","  24000",781,"N",4.3,"NAVD88","07040002",NA,"C","NNNNYNNNNNNNNNNNNNNNNNNNNNNNNN",NA,20150224,1160,NA,"CST","Y",NA,NA,NA,NA,NA,NA,NA,NA,"YN-00100","Low"
"05355200",0.127868048020807,9.94794520547945,2010-01-01,2019-12-10,0,"USGS","CANNON RIVER AT WELCH, MN","ST",443350,924355,44.5638559,-92.7321429,"M","S","NAD27","NAD83","27","27","049","US","NWSW  S27 T113N R16W",NA,NA,699.16,"L",0.01,"NGVD29","07040002",NA,NA,"NNNNYNNNNNYNNNNNNNNNNNNNNNNNNN",NA,NA,1340,NA,"CST","Y",NA,"NNNNNNNN",NA,NA,NA,NA,NA,NA,"MN-00111","Low"
"05372995",0.233262984906203,10.0054794520548,2010-01-01,2019-12-31,0,"USGS","SOUTH FORK ZUMBRO RIVER AT ROCHESTER, MN","ST",440342,922758,44.061631,-92.4662889,"M","S","NAD27","NAD83","27","27","109","US",NA,NA,NA,950,"L",0.01,"NGVD29","07040004",NA,NA,"NNNNYNNNNYNNNNNNNNNNNNNNNNNNNN",NA,NA,303,NA,"CST","Y",NA,"NNNNNNNN",NA,NA,NA,NA,NA,NA,"MN-00111","Med"
"05378500",0.0435468516534206,9.94794520547945,2010-01-01,2019-12-10,0,"USGS","MISSISSIPPI RIVER AT WINONA, MN","ST",440320,913815,44.0555186,-91.6376487,"M","S","NAD27","NAD83","27","27","169","US","NWSW  S23 T107N R7W","WINONA WEST","  24000",639.64,"L",0.01,"NGVD29","07040003",NA,NA,"NNNNYNNNNNNNNNNNNNNNNNNNNNNNNN",NA,NA,59200,NA,"CST","Y",NA,"NNNNNNNN",NA,NA,NA,NA,NA,NA,"MN-00100","Low"
"05383950",0.213819994556576,10.0054794520548,2010-01-01,2019-12-31,0,"USGS","ROOT RIVER NEAR PILOT MOUND, MN","ST",434705,920148,43.7846858,-92.0301573,"M","S","NAD27","NAD83","27","27","045","US","SENE  S28 T104N R10W","PILOT MOUND","  24000",NA,NA,NA,NA,"07040008",NA,NA,"NNNNYNNNNNNNNNNNNNNNNNNNNNNNNN",NA,20020430,565,NA,"CST","Y",NA,NA,NA,NA,NA,NA,NA,NA,"MN-00111","Med"
"05385000",0.142895774647887,7.28219178082192,2012-09-21,2019-12-31,0,"USGS","ROOT RIVER NEAR HOUSTON, MN","ST",434607,913411,43.76857719,-91.5698654,"M","S","NAD27","NAD83","27","27","055","US","SWNW  S33 T104N R6W",NA,NA,667,"L",0.01,"NGVD29","07040008",NA,NA,"NNNNYNNNNNNNNNNNNNNNNNNNNNNNNN",NA,NA,1250,NA,"CST","Y",NA,"NNNNNNNN",NA,NA,NA,NA,NA,NA,"MN-00111","Low"
"05385500",0.167277804566578,7.22465753424658,2012-09-21,2019-12-10,0,"USGS","SOUTH FORK ROOT RIVER NEAR HOUSTON, MN","ST",434419,913350,43.73857768,-91.5640317,"M","S","NAD27","NAD83","27","27","055","US","NESW  S9  T103N R06W",NA,NA,680.41,"M",0.01,"NGVD29","07040008",NA,NA,"NNNNYNNNNNYNNNNNNNNNNNNNNNNNNN",NA,NA,275,NA,"CST","Y",NA,"NNNNNNNN",NA,NA,NA,NA,NA,NA,"MN-00111","Low"
"05457000",0.24545928900661,10.0054794520548,2010-01-01,2019-12-31,0,"USGS","CEDAR RIVER NEAR AUSTIN, MN","ST",433814,925828,43.63718529,-92.9746369,"M","S","NAD27","NAD83","27","27","099","US","NESE  S15 T102N R18W",NA,NA,1162.1,"L",0.01,"NGVD29","07080201",NA,NA,"NNNNYNNNNYNNNNNNNNNNNNNNNNNNNN",NA,NA,399,NA,"CST","Y",NA,"NNNNNNNN",NA,NA,NA,NA,NA,NA,"MN-00111","Med"
"05476000",0.0677135089286961,10.0054794520548,2010-01-01,2019-12-31,0,"USGS","DES MOINES RIVER AT JACKSON, MN","ST",433715,945905.5,43.6207916,-94.9851299,"M","S","NAD27","NAD83","27","27","063","US","SESW  S24 T102N R35W",NA,NA,1292.07,"L",0.01,"NAVD88","07100001",NA,NA,"NNNNYNNNNNNNNNNNNNNNNNNNNNNNNN",NA,NA,1250,NA,"CST","Y",NA,"NNNNNNNN",NA,NA,NA,NA,NA,NA,"MN-00111","Low"
